"conversation_id_str","created_at","favorite_count","full_text","id_str","image_url","in_reply_to_screen_name","lang","location","quote_count","reply_count","retweet_count","tweet_url","user_id_str","username"
"1907218994551193768","Tue Apr 01 23:50:17 +0000 2025","0","Mau banget nonton film jumbo","1907218994551193768","","","in","üáµüá∏ DNF, DNS, DNSS ‚ö†Ô∏è","1","0","0","https://x.com/JEO2NGJAEHYUN/status/1907218994551193768","1371355596243410945","JEO2NGJAEHYUN"
"1907099171347148830","Tue Apr 01 23:40:31 +0000 2025","87","@HStylesGirls @tanyakanrl Gw minta nntn film Jumbo dari sebelum lebaran ke pacar. Trus doi bilang gamau nntn pabrik gula aja? . Gw jawab dengan lantang Mending nntn kartun daripada film pabrik¬≤an ","1907216538387812519","","HStylesGirls","in","","0","1","0","https://x.com/txtdaripikolo/status/1907216538387812519","1087925759639838720","txtdaripikolo"
"1907099171347148830","Tue Apr 01 23:25:27 +0000 2025","1","@enjoylifewithai @anyujeens @tanyakanrl worth ndasmu. jumbo itu film endorsement pesenan rezim 02. makanya figur don dibikin mirip si gemoy! @ParthaSaderi @HumorJonTampan @BocorAlusPol @jokoanwar @anggiakharisma @ernestprakasa @Adriandhy @PartBurungGalak @Resa_MetroTV @DS_yantie @HabisNontonFilm @solehsolihun","1907212745826799967","","enjoylifewithai","in","somewhere of nowhere","11","9","0","https://x.com/dokapusan/status/1907212745826799967","1480890526769369098","dokapusan"
"1907099171347148830","Tue Apr 01 23:11:09 +0000 2025","121","@HStylesGirls @tanyakanrl tapi asli film jumbo itu beneran sebagus itu secara teknis dan non teknis minggu ini bahkan aku belom nonton film horor sama sekali","1907209144777708026","","HStylesGirls","in","Surabaya - Malang","0","0","0","https://x.com/ChxnAbrams/status/1907209144777708026","1227250921773486082","ChxnAbrams"
"1907208670120989041","Tue Apr 01 23:09:15 +0000 2025","0","film jumbo tayang sampe tanggal berapa yaa ‚ÄçÔ∏è","1907208670120989041","","","in","bumi","0","0","0","https://x.com/vanmouchies/status/1907208670120989041","1095654239269879808","vanmouchies"
"1907199209620861215","Tue Apr 01 22:40:41 +0000 2025","0","@chyntiaase sumpahh sama trys aku bilang ke s awa pengen nonton jumbo trus kata s awa cocoklah teh film jumbo d tontonin ornh jumbo SHIT?!!!","1907201479267758486","","chyntiaase","in","","0","1","0","https://x.com/ecainheree/status/1907201479267758486","1304791385216753664","ecainheree"
"1906644437977227741","Tue Apr 01 22:25:26 +0000 2025","0","Dan liat kambing¬≤ jadi awan mereka ngakak banget. Oh ya sama scene kejar¬≤ di akhir film itu pada seru banget pada teriak kecil Ayo cepetan ambil ayo cepet lari ayo ayo . Tp Pak ini gimana nyalainnya itu sebioskop ngakak semua. Jumbo seru banget. Gengnya Don gemes banget!","1907197643320934890","","Mmmadaaa","in","indonesia","0","1","0","https://x.com/Mmmadaaa/status/1907197643320934890","80460694","Mmmadaaa"
"1907197050246336670","Tue Apr 01 22:23:05 +0000 2025","7","gile admin film JUMBO gak ada istirahatnya mereply komentar soal film JUMBO Semangat selalu kak admin! ","1907197050246336670","","","in","","2","0","1","https://x.com/sifriskie/status/1907197050246336670","1609930336590528512","sifriskie"
"1907197023885078682","Tue Apr 01 22:22:59 +0000 2025","2","Memamg aplikasi Tiktok diluar logika lagi orang-orang banyak yg nyuruh nonton film Jumbo malah dikira buzzer anjir... Gak semua hal itu buzzer kocak emang dasar pikiran lu negatif terus aja dan kalo emang gak mau nonton ya udah diem biarin orang ngasih tau saran filmnya..","1907197023885078682","","","in","South Sumatera","0","0","0","https://x.com/Fjar_HAM/status/1907197023885078682","1272069596","Fjar_HAM"
"1907099171347148830","Tue Apr 01 21:56:06 +0000 2025","1","@anyujeens @tanyakanrl Jumbo sih fresh banget soalnya buat film Indonesia.","1907190261811396949","","anyujeens","in","√úT:-6.596829,106.806617","0","0","0","https://x.com/tabul_ian/status/1907190261811396949","424125482","tabul_ian"
"1907099171347148830","Tue Apr 01 21:17:55 +0000 2025","14","@anyujeens @tanyakanrl Jumbo coba kak. Jika semakin banyak yg nonton crew yang bekerja di proyek film ini tambah semangat. Jarang ada film animasi Indonesia. Piala Citra kategori film animasi panjang ada kalau ada filmnya.","1907180650974822788","","anyujeens","in","","0","0","0","https://x.com/nasrulsidiq8/status/1907180650974822788","985690895528869888","nasrulsidiq8"
"1907169612174864408","Tue Apr 01 20:34:03 +0000 2025","48","Seperti saya bilang dalam wawancara dengan Media Indonesia: memang bukan pilihan yang terlalu bagus tapi di sisi lain buat film anak seperti Jumbo pilihan yang tersedia sangat terbatas. Cari liburan anak sekolah.","1907169612174864408","","","in","Indonesia","0","3","5","https://x.com/bicaraboxoffice/status/1907169612174864408","907454761766494208","bicaraboxoffice"
"1907001566105944558","Tue Apr 01 18:53:49 +0000 2025","84","@Adriandhy lebaran kemarin sorenya langsung nonton film Jumbo bersama para sepupu~~ https://t.co/pbZBuXAR0T","1907144386108162382","https://pbs.twimg.com/media/GneJs7yboAAW47e.jpg","Adriandhy","in","","0","0","2","https://x.com/lithelogs/status/1907144386108162382","1543304620600020994","lithelogs"
"1907139562448748778","Tue Apr 01 18:34:39 +0000 2025","2","*Lomba Film Lebaran Hari ke-2* Penonton Hitungan Cinepoint #PabrikGula 507.371 #Qodrat2 171.158 #Jumbo 134.687 #Komang 112.662 #Norma 64.753 Jelas #PG maju di depan tak tersaingi menuju Sejuta Penonton! Selasa 2 April 2025 https://t.co/40oXC38Ioq","1907139562448748778","https://pbs.twimg.com/media/GneFUkZbMAAcQb3.jpg","","in","Jakarta","0","0","2","https://x.com/yan_widjaya/status/1907139562448748778","1575338724","yan_widjaya"
"1907138567790547145","Tue Apr 01 18:30:42 +0000 2025","53","#JUMBO gokil banget demi ALLAH Gua ready jadi buzzer ni film","1907138567790547145","","","in","cia","4","0","14","https://x.com/thepainsofbpatH/status/1907138567790547145","1591805568716455937","thepainsofbpatH"
"1907136605967774047","Tue Apr 01 18:22:54 +0000 2025","0","Pertengahan mei film jumbo masih ada di bioskop nggak ya @Adriandhy ?","1907136605967774047","","","in","","0","1","0","https://x.com/Pradityaamss/status/1907136605967774047","1586738387146637313","Pradityaamss"
"1907135297168740598","Tue Apr 01 18:17:42 +0000 2025","0","List film wajib nonton bulan ini 1. JUMBO 2. KOMANG 3. PABRIK GULA SIKATTT OTW BIOSKOP PAK","1907135297168740598","","","in","","0","0","0","https://x.com/nwvyahdan/status/1907135297168740598","1901977552014708736","nwvyahdan"
"1907126847399145651","Tue Apr 01 17:59:47 +0000 2025","677","@tanyakanrl juki nussa rarra tahilalat bahkan di genre horor nama besar seperti Joko Anwar pun dukung film Jumbo. thx udah bukain pintu lebih lebar untuk masa depan animasi indonesia yg lebih cerah bang @Adriandhy ","1907130789273428165","","tanyakanrl","in","","0","1","29","https://x.com/harrieby/status/1907130789273428165","1573160218577358849","harrieby"
"1907128462831460410","Tue Apr 01 17:50:33 +0000 2025","1","Lanjut karena caption tidak cukup. Film Jumbo ini rekomendasi banget buat kalian tonton di bioskop penilaian gue buat Film Jumbo 9 5/10 Terima kasih untuk bang @Adriandhy dan juga @VisinemaID @jumbofilm_id untuk Film Animasi terbaik bagi saya ","1907128465801011577","","FajarKris20","in","Surakarta, Jawa Tengah","0","0","0","https://x.com/FajarKris20/status/1907128465801011577","1131159143262253058","FajarKris20"
"1907123597761778016","Tue Apr 01 17:33:36 +0000 2025","0","@rothschildzz film anak yg jumbo lucu tuhhh","1907124197576655261","","rothschildzz","in","adelaide","0","1","0","https://x.com/artmostsphire/status/1907124197576655261","1674584216238174208","artmostsphire"
"1907123959096836241","Tue Apr 01 17:32:39 +0000 2025","1","lucu bangettt! salam untuk mamanya yaa makasih udah jadi buzzer gratis film JUMBO sampe ke grup PKK ","1907123959096836241","","","in","","0","1","0","https://x.com/jumbofilm_id/status/1907123959096836241","1678688801454194688","jumbofilm_id"
"1907123829153132639","Tue Apr 01 17:32:08 +0000 2025","2","Alasan kenapa ingin sekali nonton Jumbo karena pengen ngajak bocil nonton film bagus di bioskop ","1907123829153132639","","","in","","0","1","0","https://x.com/FtsNyna/status/1907123829153132639","73898188","FtsNyna"
"1907083397740331140","Tue Apr 01 17:21:38 +0000 2025","45","@medyrenaldy_ Thank you banyak-banyak Kak Medyy! Salam buat keluarga yaa ","1907121188096368938","","medyrenaldy_","in","","0","0","0","https://x.com/VisinemaID/status/1907121188096368938","2352930834","VisinemaID"
"1906938978118639850","Tue Apr 01 17:21:15 +0000 2025","24","@rabrit Tunggu ya mimin sedang memasak fun fact Film JUMBO yang lain ","1907121090738151594","","rabrit","in","","0","1","1","https://x.com/jumbofilm_id/status/1907121090738151594","1678688801454194688","jumbofilm_id"
"1907118660428435596","Tue Apr 01 17:20:42 +0000 2025","2","@xxflwra Nah justru malah lebih menarik jumbo ketimbang film film horror yg lagi tayang ","1907120951743189481","","xxflwra","in","Bandar Lampung","0","1","0","https://x.com/easter_eggg/status/1907120951743189481","1443607377782050823","easter_eggg"
"1907110660326203442","Tue Apr 01 17:19:57 +0000 2025","1","@bwtterfliee ihh besok gua jg mw nonton tapi film jumbo","1907120763746054191","","bwtterfliee","in","","0","1","0","https://x.com/gitrkive/status/1907120763746054191","1774841650369679360","gitrkive"
"1907118660428435596","Tue Apr 01 17:19:31 +0000 2025","2","@easter_eggg ih mo coba nntn jumbo ga kakk yg film animasi indo ituuu trailernya bagusss","1907120653729472893","","easter_eggg","in","","0","1","0","https://x.com/xxflwra/status/1907120653729472893","1019574792414826497","xxflwra"
"1906704928875131303","Tue Apr 01 17:17:59 +0000 2025","7","@useryungi @WatchmenID Disclaimer : Bukan berarti film Jumbo jadi jelek Engga ini film masih 11/10 ratingnya buat aku Itu cuma pertanyaan2 yg muncul krn aku penasaran dan bener2 suka ini film","1907120271011856543","","exla_13","in","Indonesia","0","0","0","https://x.com/exla_13/status/1907120271011856543","1221354951844061185","exla_13"
"1907119442896810346","Tue Apr 01 17:14:42 +0000 2025","3","Penonton kita masih sangat amat skeptis sama animasi. Kalaupun diboost marketingnya Jumbo. Tetap aja gak bakalan terlalu signifikan menurutku. Penonton kita masih suka film seru seruan dengan label yang lebih general.","1907119442896810346","","","in","","0","0","0","https://x.com/Deffence_hr/status/1907119442896810346","1704371259008770048","Deffence_hr"
"1907117550842032543","Tue Apr 01 17:12:16 +0000 2025","0","@halonaura makasih nor 1 orang yang menonton film jumbo gua dapet reward 1x gaji UMR kota Bogor (oh I wish)","1907118830197088615","","halonaura","in","Utopia","0","0","0","https://x.com/timelinesurfrs/status/1907118830197088615","1281245713557405697","timelinesurfrs"
"1907118397365866506","Tue Apr 01 17:10:33 +0000 2025","3","Sebelum mulai filmmya gue bnrn takut bakal lebih mewek nonton Jumbo daripada dedek2 di depan gue. Ternyata emang ini film dewasa jadi target nangisnya adalah GW dan seumuran GW ","1907118397365866506","","","in","","0","0","1","https://x.com/cnjjl/status/1907118397365866506","1224047832916582400","cnjjl"
"1907118388595536036","Tue Apr 01 17:10:31 +0000 2025","19","ada lagi yang punya meme starter pack untuk buzzer gratis film JUMBO gak guys? coba keluarkan dan kita sebarkan! https://t.co/Rl5IJMqgo5","1907118388595536036","https://pbs.twimg.com/media/GndyECfaMAMnlDm.jpg","","in","","0","0","2","https://x.com/jumbofilm_id/status/1907118388595536036","1678688801454194688","jumbofilm_id"
"1907117550842032543","Tue Apr 01 17:09:34 +0000 2025","0","@halonaura alhamdulillah udah 1 orang yang mau menonton film jumbo","1907118152418508908","","halonaura","in","Utopia","0","1","0","https://x.com/timelinesurfrs/status/1907118152418508908","1281245713557405697","timelinesurfrs"
"1907118012769120296","Tue Apr 01 17:09:01 +0000 2025","8","Mau meracuni kalian-kalian buat nonton JUMBO!!! WHY? Film animasi terkeren dan sangat relate dengan kehidupan sehari-hari. Film-nya bener-bener memenuhi inner child kita xixixi. So please rameinnn dan ajak banyak orang buat nonton :3 9/10!!!! Good Job @Adriandhy","1907118012769120296","","","in","","0","1","2","https://x.com/che_holland12/status/1907118012769120296","1420647777831251972","che_holland12"
"1907117655158653188","Tue Apr 01 17:07:36 +0000 2025","4","Yeayy seneng deh kalo Film JUMBO bisa jadi film pertama untuk anak-anak tonton di bioskop Ada lagi yang punya pengalaman yang sama gak Ayah dan Ibu? ","1907117655158653188","","","in","","0","0","2","https://x.com/jumbofilm_id/status/1907117655158653188","1678688801454194688","jumbofilm_id"
"1907117550842032543","Tue Apr 01 17:07:11 +0000 2025","0","gua mau jadi buzzer film jumbo dulu","1907117550842032543","","","in","Utopia","1","1","0","https://x.com/timelinesurfrs/status/1907117550842032543","1281245713557405697","timelinesurfrs"
"1907117099979518195","Tue Apr 01 17:05:23 +0000 2025","0","EH PENASARAN DAH AMA FILM JUMBO ITUUUU animasinya bagus bgt gue pikir pixar bjir","1907117099979518195","","","in","03l","0","0","0","https://x.com/journeycaa/status/1907117099979518195","1412955489432866818","journeycaa"
"1907117036146405822","Tue Apr 01 17:05:08 +0000 2025","1","Bukti kalau Film JUMBO juga bisa dicerna sama anak-anak jadi yuk kita berbondong-bondong bawa krucils buat JUMBOKAN bioskop sekarang juga! ‚≠êÔ∏è","1907117036146405822","","","in","","0","0","0","https://x.com/jumbofilm_id/status/1907117036146405822","1678688801454194688","jumbofilm_id"
"1907115880741568806","Tue Apr 01 17:00:33 +0000 2025","0","ada yang mau nonton film jumbo gaa sama akuu","1907115880741568806","","","in","","0","0","0","https://x.com/remforlmk/status/1907115880741568806","1522626777792888834","remforlmk"
"1907087922962330029","Tue Apr 01 16:55:31 +0000 2025","252","@jumbofilm_id @Adriandhy Barusan nonton jumbo sama anak.. Tumben dia nonton serius..bahkan sampe nangis..selesai film jg nangis lagi..filmnya bagus..mudah dicerna sama anak2..semoga kedepannya ada film animasi Indonesia sebagus ini.","1907114615131271392","","jumbofilm_id","in","√úT: -6.240818,106.830164","1","0","5","https://x.com/agamasihdisini/status/1907114615131271392","167699160","agamasihdisini"
"1906945611682967908","Tue Apr 01 16:54:15 +0000 2025","5","@aizeiih @Adriandhy semakin banyak penonton di minggu-minggu awal semakin panjang umur Film JUMBO di bioskop jadi yuk kita ramaikan sekarang ","1907114297777623096","","aizeiih","in","","0","1","0","https://x.com/jumbofilm_id/status/1907114297777623096","1678688801454194688","jumbofilm_id"
"1907114201681899868","Tue Apr 01 16:53:52 +0000 2025","0","jadi pengen nonton jumbo terakhir review film di akun ini udah lama banget hiksss","1907114201681899868","","","in","","0","0","0","https://x.com/sunxrie/status/1907114201681899868","1570299240269885440","sunxrie"
"1907113496569135149","Tue Apr 01 16:51:04 +0000 2025","22","Gemesh bangettt merchnya Geng Jumbo :3 https://t.co/8cswJXxchK","1907113496569135149","https://pbs.twimg.com/media/GndtnO8awAAbz7R.jpg","","in","mbahcenayang@gmail.com ","3","0","6","https://x.com/CenayangFilm/status/1907113496569135149","1297733148","CenayangFilm"
"1907111008734425511","Tue Apr 01 16:47:02 +0000 2025","1","@jumbofilm_id @VisinemaID @Adriandhy Sama¬≤ min benerr¬≤ seruuu bgttt ngga ngebosenin samsek semoga kedepannya animasi Indonesia semakin bagusss layaknya film Jumbo ini","1907112482449285373","","jumbofilm_id","in","Indonesia","0","0","0","https://x.com/Urbestfriend22/status/1907112482449285373","3021755276","Urbestfriend22"
"1907112342795727180","Tue Apr 01 16:46:29 +0000 2025","5","seru buanget film jumbo gada kata menyesal gua kabur siang bolong waktu lebaran kemaren demi ni film satu ayo gess ramein film jumbo film karya animator anak bangsa https://t.co/aEWp1w1EPs","1907112342795727180","https://pbs.twimg.com/media/Gndsj5waMAAHjnF.jpg","","in","","0","1","3","https://x.com/HewriPotahh/status/1907112342795727180","1306225832336093185","HewriPotahh"
"1907111738627281326","Tue Apr 01 16:44:05 +0000 2025","6","Mungkin ini akan jadi honest review setelah nonton JUMBO Pas nonton gue gue ngerasa animasi indonesia tuh punya harapan ya. Visual kek gini semoga jadi benchmark buat film animasi indo lainnya. Dubbing &amp; scoringnya juga mantapp","1907111738627281326","","","in","Jakarta Timur, DKI Jakarta","0","1","2","https://x.com/kestaM/status/1907111738627281326","71799241","kestaM"
"1907111008734425511","Tue Apr 01 16:41:11 +0000 2025","4","Kemarin habis nonton film Jumbo dan bener¬≤ bagussss bgttt wajibbb ditonton ini mahhh film animasi karya anak bangsa @VisinemaID @jumbofilm_id @Adriandhy #JumboUntukSemua #JUMBO https://t.co/VAZZclAZtC","1907111008734425511","https://pbs.twimg.com/media/GndrWlqaMAgEczm.jpg","","in","Indonesia","0","1","3","https://x.com/Urbestfriend22/status/1907111008734425511","3021755276","Urbestfriend22"
"1907110871354220590","Tue Apr 01 16:40:38 +0000 2025","10","Dengan ekspetasi awal biasa aja mala dibikin sehappy dan seharu itu nntn Jumbo. Bagus bgt apa lagi buat gw yang emg demen film Animasi. JUMBO manteplah Semoga bisa Sap! Sap! Sap! tau¬≤ box office ya pake trick Nurman https://t.co/Cev9apcOdr","1907110871354220590","https://pbs.twimg.com/media/GndrOsbaYAAGKBU.jpg","","in","","1","0","1","https://x.com/wil_jung/status/1907110871354220590","205376628","wil_jung"
"1907047621471961531","Tue Apr 01 16:30:50 +0000 2025","0","@jumbofilm_id Happy! Senang banget nonton film seindah Jumbo. Hatiku penuh .","1907108403929055514","","jumbofilm_id","in","Tangerang Selatan & Jakarta","0","0","0","https://x.com/rohadidavid/status/1907108403929055514","376726803","rohadidavid"
"1907042838858121376","Tue Apr 01 16:27:00 +0000 2025","725","@bicaraboxoffice tapi si juki kan emang udah kuat ya secara ip udah terkenal sebelum jadi film apalagi tahun segitu instagram lagi dahsyat. all the best buat jumbo semoga diri ini bisa segera nyumbang angka di bioskop","1907107439599812809","","bicaraboxoffice","in","","2","2","7","https://x.com/killtheirjoyyy/status/1907107439599812809","1948776272","killtheirjoyyy"
"1907107365964656861","Tue Apr 01 16:26:43 +0000 2025","0","Ih pengen nonton film jumbo","1907107365964656861","","","in","Kraton, Indonesia","0","0","0","https://x.com/salarelovie/status/1907107365964656861","546647478","salarelovie"
"1907106305367765216","Tue Apr 01 16:22:30 +0000 2025","2","Setelah sekian lama akhirnya hari ini merasakan bioskop lebih ramai anak-anak karena filmnya @Adriandhy JUMBO. Sebuah film yang menyenangkan cerita yang di luar ekspektasi dan nuansa nostalgia bagi generasi 90an. Turut bangga karena ikutan memantau prosesnya sejak lama.","1907106305367765216","","","in","Bekasi","0","0","1","https://x.com/B_A_Rahadi/status/1907106305367765216","44342440","B_A_Rahadi"
"1907105701069283328","Tue Apr 01 16:20:06 +0000 2025","3","JUJUR FILM JUMBO INI BAGUS BAGUS BANGETÔ∏è animasinya itu lohh keren banget jalan ceritanya sangat memainkan emosional juga karena ada scene sedih yang relate sama kehidupan SO PROUD PUNYA FILM SEBAGUS INIÔ∏è https://t.co/u6JhCN2VwT","1907105701069283328","https://pbs.twimg.com/media/Gndmha_awAAVzlw.jpg","","in","","0","0","2","https://x.com/itszatime/status/1907105701069283328","1826996334907543552","itszatime"
"1907078678850191642","Tue Apr 01 16:17:43 +0000 2025","1","@awthersk klo vibe lebaran kata akuma mending jumbo ajaa~ disney bbrapa film kebelakang kesannya jd muja2 feminisme bgt sampe karakter2 yg ada cowoknya dibuat ampas. sialan.","1907105102911168705","","awthersk","in","unknown","0","1","0","https://x.com/X6pandaaa/status/1907105102911168705","1057318597","X6pandaaa"
"1907104317766856775","Tue Apr 01 16:14:36 +0000 2025","8","film jumbo bagusss bgt ga expect film animasi indo yg animasinya sebagus itu ceritanya juga unikk dan lucuu cocok buat tontonan lebaran rate dari aku 9/10","1907104317766856775","","","in","","0","0","2","https://x.com/neptunussky/status/1907104317766856775","1437675929854091264","neptunussky"
"1907102600786559297","Tue Apr 01 16:07:46 +0000 2025","0","btw bang @Adriandhy thanks bgt dah buat Jumbo. untuk ukuran film full animasi di layar besar Indonesia ini udah keren banget terutama message nya yang bagus banget buat bocil2 (semua umur sih). Semoga laris dan bisa buat modal buat next film animasi yang jauh lebih keren lagi https://t.co/GSXhzIyE5G","1907102600786559297","https://pbs.twimg.com/media/GndjtCCbkAAP0hV.jpg","","in","A Better World","0","1","0","https://x.com/arfadilah/status/1907102600786559297","46842246","arfadilah"
"1907102372159271296","Tue Apr 01 16:06:52 +0000 2025","8","https://t.co/hltpz1hngM suara boril di dubbing film Jumbo ganteng banget","1907102372159271296","","","in","r.","0","0","1","https://x.com/hahakhal/status/1907102372159271296","1213686590003765248","hahakhal"
"1907102156064465074","Tue Apr 01 16:06:00 +0000 2025","1","Pengen banget nonton JUMBO tapi tadi ga jadi karna temen gw ga suka kartun jadilah nonton film gajelas","1907102156064465074","","","in","","2","0","0","https://x.com/imdiamonnd/status/1907102156064465074","1115996754657153024","imdiamonnd"
"1907101762378674636","Tue Apr 01 16:04:27 +0000 2025","1","Kayaknya emang harus segera pulang karena ada film Jumbo yg harus ditonton","1907101762378674636","","","in","","0","1","0","https://x.com/_ronieriyanto/status/1907101762378674636","570773939","_ronieriyanto"
"1907078754620547113","Tue Apr 01 15:57:09 +0000 2025","0","@papernpaper @Adriandhy Terima kasih kaak ","1907099925340643401","","papernpaper","in","","0","0","0","https://x.com/VisinemaID/status/1907099925340643401","2352930834","VisinemaID"
"1906948754965725578","Tue Apr 01 15:55:58 +0000 2025","1","@Saputrrro @Adriandhy haloo Nara makasih ya udah nonton ","1907099630669877742","","Saputrrro","in","","0","0","0","https://x.com/VisinemaID/status/1907099630669877742","2352930834","VisinemaID"
"1907049466609410153","Tue Apr 01 15:54:50 +0000 2025","0","@changbindut @Adriandhy terima kasih banyak kaak ","1907099343339012374","","changbindut","in","","0","0","0","https://x.com/VisinemaID/status/1907099343339012374","2352930834","VisinemaID"
"1907098267932111056","Tue Apr 01 15:54:15 +0000 2025","0","@cloudbrusting terima kasih yang banyak kaak ","1907099196231991558","","cloudbrusting","in","","0","1","0","https://x.com/VisinemaID/status/1907099196231991558","2352930834","VisinemaID"
"1907098715690877142","Tue Apr 01 15:52:20 +0000 2025","5","AYO GES NONTON DAN RAMEIN FILM JUMBO BIAR WAPRES MU ITU MAU HIRE ANIMATOR BENERAN KARENA ANAK BANGSA INI PUNYA TALENTA YANG LUAR BIASA KERENNYA","1907098715690877142","","","in","","0","0","1","https://x.com/aefhilv/status/1907098715690877142","1099548089742897152","aefhilv"
"1907043865540141143","Tue Apr 01 15:51:12 +0000 2025","0","@AndovidaLopez KAK ANDOVIII GAK BISA BERKATA-KATA MAKASIH JUGA KA CHANDRALIOWW~","1907098428016071023","","AndovidaLopez","in","","0","0","0","https://x.com/VisinemaID/status/1907098428016071023","2352930834","VisinemaID"
"1907098269177827364","Tue Apr 01 15:50:34 +0000 2025","5","A new fresh look for local animation industry! Indonesia mulai step up di sektor animasi 3d ayo dukung film jumbo!! https://t.co/8IqFIrKVFT","1907098269177827364","https://pbs.twimg.com/media/GndfwuFa8AAP1LI.jpg","","in","","0","1","1","https://x.com/paulus__winata/status/1907098269177827364","1135952903288475648","paulus__winata"
"1907097605278167310","Tue Apr 01 15:47:55 +0000 2025","2","Pabrik gula qodrat 2 dan Jumbo.. list film akan gw tonton ntar setelah mudik","1907097605278167310","","","in","Jakarta Selatan, DKI Jakarta","0","2","0","https://x.com/panggilbroajaa/status/1907097605278167310","3052351088","panggilbroajaa"
"1907097288755097625","Tue Apr 01 15:46:40 +0000 2025","1","Lebaran diantara pilihan Pabrik Gula dan Qodrat 2 Saya lebih penasaran film Jumbo Norma skip ae udeh wkwk","1907097288755097625","","","in","","0","1","0","https://x.com/97dwicf/status/1907097288755097625","1562251277123301376","97dwicf"
"1907096979907494156","Tue Apr 01 15:45:26 +0000 2025","2","Tp jumbo related banget makan telor sama kecap. Butuh proses yg lama dan salut buat produsernya berani di era film yg ga maju seputaran horor cinta2an pake aktornya itu2 mulu","1907096979907494156","","","in","","1","0","0","https://x.com/ditinggalgituaj/status/1907096979907494156","1716204514607616000","ditinggalgituaj"
"1907096110025654353","Tue Apr 01 15:43:56 +0000 2025","1","@tiarachyngtys JUMBO bukan cuma film anak tapi #JumboUntukSemua ","1907096602273354195","","tiarachyngtys","in","","0","0","0","https://x.com/jumbofilm_id/status/1907096602273354195","1678688801454194688","jumbofilm_id"
"1907096110025654353","Tue Apr 01 15:41:59 +0000 2025","10","Jumbo bagus bangetttt. Kaget banget film anak anak tapi ceritanya bagooos","1907096110025654353","","","in","","0","1","2","https://x.com/tiarachyngtys/status/1907096110025654353","122502180","tiarachyngtys"
"1907095980295729233","Tue Apr 01 15:41:30 +0000 2025","1","Tapi lebih happy lagi nontonin reaksi ponakan ponakanku sepanjang nonton Jumbo! Terakhirnya mereka nangis bombay karena terharuÔ∏è sap sap sap! Terima kasih sudah membuat film ini @Adriandhy ","1907095986872467690","","__skqlffk","in","","0","0","0","https://x.com/__skqlffk/status/1907095986872467690","56975615","__skqlffk"
"1907095764406534168","Tue Apr 01 15:40:37 +0000 2025","1","Hari ini nonton film Jumbo di bioskop. Satu kata yg bisa mewakili adalah 'bangga' karena sekelompok banyak orang indonesia bisa membuat animasi sebagus itu. Namun sayang nilai2 yg terkandung dalam film tsb ndak cocok buat anak kecil yang belum paham mana khayalan mana fakta.","1907095764406534168","","","in","United Kingdom","0","0","0","https://x.com/IndoAudit14/status/1907095764406534168","1673529745227812868","IndoAudit14"
"1907095719141683349","Tue Apr 01 15:40:26 +0000 2025","2","abis nonton film jumbo tadi keren bgt animasi nya film se BAGUS ini hrs diapresiasi sebanyak2 nya secara bikinnya juga 5 tahun tonton guys keren bgt","1907095719141683349","","","in","ui","0","1","1","https://x.com/olinugm/status/1907095719141683349","1764133548989296640","olinugm"
"1906948754965725578","Tue Apr 01 15:38:42 +0000 2025","6","@Adriandhy Film JUMBO jadi pengalaman pertama Nara nonton di bioskop makasih bang @Adriandhy dan tim udah bikin film yang bikin Nara merasa begitu terhubung dan ingin kembali ke bioskop lagi. Kami tunggu karya-karya berikutnya. https://t.co/Wo0gfFlfno","1907095282384605475","https://pbs.twimg.com/ext_tw_video_thumb/1907095230916235264/pu/img/TVIFRyfJizUfuyhU.jpg","Adriandhy","in","","2","1","2","https://x.com/Saputrrro/status/1907095282384605475","1039710804","Saputrrro"
"1907093983760625951","Tue Apr 01 15:33:32 +0000 2025","732","Film JUMBO bagussssss bangeeettt plis nonton ini dulu apalagi kalo kamu mau bawa bocil gambarnya bagus ceritanya bagus soundtracknya bagus KAMBING PONINYA BAGUS Magical keren banget animasi indo seneng nontonnya dan nangis dikit wkwkwk https://t.co/KoA9NmNH6c","1907093983760625951","https://pbs.twimg.com/media/Gndb3SXaoAISO4v.jpg","","in","Jakarta Capital Region","13","12","108","https://x.com/ceritadungimut/status/1907093983760625951","1533380464311799808","ceritadungimut"
"1907093762742063433","Tue Apr 01 15:32:39 +0000 2025","1040","Sudah 2 hari tayang JUMBO masih betah nangkring di trending! Buzzer gratis Film JUMBO mari kita satukan kekuatan buat bikin JUMBO trending 1 siappp?? https://t.co/fYu2WJBOFn","1907093762742063433","https://pbs.twimg.com/media/GndbqgVaMAAN_9V.jpg","","in","","6","10","164","https://x.com/jumbofilm_id/status/1907093762742063433","1678688801454194688","jumbofilm_id"
"1907093526586019878","Tue Apr 01 15:31:43 +0000 2025","38","Fanart buat Film Animasi Kereenn!! Yuk teman teman JUMBOkan Bioskop @jumbofilm_id Ditunggu karya karyanya selalu bang @Adriandhy #JumboUntukSemua #Jumbo #FilmJUMBO #Fanart https://t.co/Otg5l2RCW5","1907093526586019878","https://pbs.twimg.com/tweet_video_thumb/GndZ6ehbQAAlPGH.jpg","","in","","2","1","12","https://x.com/sifriskie/status/1907093526586019878","1609930336590528512","sifriskie"
"1907092848346087609","Tue Apr 01 15:29:01 +0000 2025","0","Nonton film jumbo nya lusa aja kali ya","1907092848346087609","","","in","","0","1","0","https://x.com/jepitbias/status/1907092848346087609","1126841305223446529","jepitbias"
"1907092446795927684","Tue Apr 01 15:27:26 +0000 2025","0","Tadi mau ngajakin nonton Jumbo bareng tante2. Eh malah ga mau diajak nonton. Katanya film kartun buat tontonan anak kecil. Ngapain orang dewasa ikutan nonton. Pdahal sebagai orang dewasa menonton Jumbo lebih dr sekadar tontonan anak kecil. Tapi lebih dari itu ","1907092446795927684","","","in","Interlaken, Switzerland","1","1","0","https://x.com/mavidaafama/status/1907092446795927684","82568235","mavidaafama"
"1907042838858121376","Tue Apr 01 15:26:38 +0000 2025","2","@iwanowuse @mk_anam @bicaraboxoffice @WatchmenID Tapi dari semua film yg tayang dan yg ramah anak cuma Jumbo si","1907092246933188822","","iwanowuse","in","·ó©K·ëå ·íç·ó©TI·ó∞","0","0","0","https://x.com/biruulaaut/status/1907092246933188822","1665329674795491329","biruulaaut"
"1907092171909689581","Tue Apr 01 15:26:20 +0000 2025","0","padahl wktu nnton one piece di bioskop juga gue sendirian anjir ga peduli org di sekitar. KNP SEKARANG MAU NNTON JUMBO SMDIRI MESTI RAGU PLSSS gas aja ga sih ajg KENAPA SI TMN W Gasuka nnton film KENAPA GAPUNAY TMN YG LAIN kenpaa ","1907092171909689581","","","in","Stray Kids, STAY.","0","0","0","https://x.com/hyunlauv/status/1907092171909689581","1692057438617501697","hyunlauv"
"1907090305155047634","Tue Apr 01 15:18:55 +0000 2025","0","Dmnt tmenin ponakan umur 5th ntn #JUMBO krn aku g ikutin brt2 film2 tnh air jd gatau ada film animasi ini. Dy mo ntn ya sok tak temenin gtw tntg apa2 bnr2 flying blind. Taunya baguus sampe bikin termewek2. Ponakan pelem abis bediri smbl tepok tangan sdg aku msh sesegukan https://t.co/nz63CeiXX0","1907090305155047634","https://pbs.twimg.com/media/GndYhoNbcAACAN0.jpg","","in","","0","0","0","https://x.com/theusernamedcha/status/1907090305155047634","91011227","theusernamedcha"
"1907088346993827919","Tue Apr 01 15:11:09 +0000 2025","0","Untuk aku yg kangen sekali dengan mama dan nenek ini sangat menghibur kesedihanku yg berlebaran tanpa kehadiran mereka. Bersyukur lebaran ini bisa bertemu dengan Geng Jumbo! Sekali lagi makasih ya @Adriandhy film ini berhasil menjadi film yg berkesan untuk anak2 dalam diriku ","1907088349669548240","","ayamsibuk","in","di tempat","0","0","0","https://x.com/ayamsibuk/status/1907088349669548240","1208369815389237248","ayamsibuk"
"1907083397740331140","Tue Apr 01 15:07:41 +0000 2025","217","@medyrenaldy_ Aaaakkk makasih banyak Kak Medy udah ngeborong tiket Film Jumbo","1907087478382825770","","medyrenaldy_","in","","0","0","0","https://x.com/jumbofilm_id/status/1907087478382825770","1678688801454194688","jumbofilm_id"
"1907087430169096574","Tue Apr 01 15:07:29 +0000 2025","1","SUKA BANGET SAMA FILM JUMBOÔ∏è","1907087430169096574","","","in","Jakarta","0","0","0","https://x.com/shantuyyyy/status/1907087430169096574","1014867795270623233","shantuyyyy"
"1907087052207988761","Tue Apr 01 15:05:59 +0000 2025","0","Btw ternyata jumbo tuh film animasi indo mana film nya bikin nangis mulu tpi kadang kesel sama sih jumbo juga wkwkwkw","1907087052207988761","","","in","","0","0","0","https://x.com/remark_ablee802/status/1907087052207988761","3123330781","remark_ablee802"
"1907077657591783585","Tue Apr 01 15:05:20 +0000 2025","1","@englishfess_ Jumbo wajib nonton sih ini buat nyaksiin sendiri kalau film animasi indo udah naik level","1907086886172323914","","englishfess_","in","DKI Jakarta, Indonesia","0","0","0","https://x.com/dekinoreborn/status/1907086886172323914","1111585585955663872","dekinoreborn"
"1907086845264953747","Tue Apr 01 15:05:10 +0000 2025","0","Baru trailer jumbo doang gw udh nanges... palagi film?","1907086845264953747","","","in","","2","0","0","https://x.com/QuerenciaKyeom/status/1907086845264953747","1752997245727936512","QuerenciaKyeom"
"1907086179515982128","Tue Apr 01 15:02:31 +0000 2025","1","Mau nonton film jumbo","1907086179515982128","","","in","Keirandy Lintang  |  29+ mdni ","0","1","0","https://x.com/rneteorite/status/1907086179515982128","1723624554411782144","rneteorite"
"1906704928875131303","Tue Apr 01 14:59:06 +0000 2025","131","@chaxzyy @anaksemeru @nrdikiw @WatchmenID Cmiw film jumbo diproduksi sekitar 5 tahun lalu. Bahkan saat saat pengisi suaranya baru berumur 8 tahun.","1907085316969935215","","chaxzyy","in","lampung cikarang","1","1","4","https://x.com/nvninnocent/status/1907085316969935215","724259430","nvninnocent"
"1907084709991182518","Tue Apr 01 14:56:41 +0000 2025","1","ku kira jumbo tu film horor. pas cek ternyata animasi.","1907084709991182518","","","in","RV-Gresley-TS-Ed","0","0","0","https://x.com/enugiverse/status/1907084709991182518","2360874649","enugiverse"
"1907084302862442703","Tue Apr 01 14:55:04 +0000 2025","3"," nanti nonton film animasi jumbo sendiri yay/nay yaaa ga ada temen yg bs di ajak nonton soalnya ","1907084302862442703","","","in","","0","14","0","https://x.com/convomf/status/1907084302862442703","1314975287294083073","convomf"
"1907083397740331140","Tue Apr 01 14:54:44 +0000 2025","668","Btw ini ke-2 kalinya buat saya nonton film Jumbo kali ini nonton sama ponakan2 dan kakak2. Truly film buat semua umur ponakan saya anteng semua mulai dari yang umurnya 4 sampai 17 tahun. Bahkan abang &amp; kakak2 juga pada bilang filmnya bagus &amp; menyentuh. (Nih capture-an IG https://t.co/uaoMUDeWqh","1907084219987444006","https://pbs.twimg.com/media/GndS-ooagAAK1UN.jpg","medyrenaldy_","in","","1","0","21","https://x.com/medyrenaldy_/status/1907084219987444006","1083403150210420736","medyrenaldy_"
"1907083980161364445","Tue Apr 01 14:53:51 +0000 2025","0","Film ini bercerita ttg Don yg dipanggil Jumbo oleh tmn2nya krn tubuhnya yg gemuk. Dia smpat diremehkan sama teman2nya krn fisik yg tidak mumpuni buat bermain bareng. Don suka mendongeng ke teman2nya dgn buku buatan orgtuanya yg tlh meninggal.","1907083998121402676","","postyrandomblog","in","Sulawesi Utara-Indonesia","0","1","0","https://x.com/postyrandomblog/status/1907083998121402676","61362886","postyrandomblog"
"1907083519664459858","Tue Apr 01 14:51:57 +0000 2025","0","film jumbo bagus ga siii? pengen nonton dehh","1907083519664459858","","","in","","1","2","0","https://x.com/everydaylian/status/1907083519664459858","2410069843","everydaylian"
"1907082998002164136","Tue Apr 01 14:49:53 +0000 2025","14","Review jujur film Jumbo Story: Jujur aja plotnya terasa agak berantakan scene-scene awal terasa lambat saya bahkan sempat ketiduran sebentar di menit-menit awal film mulai terasa hidup ketika karakter Mery keluar pengenalan karakter antagonis baru muncul di tengah ","1907082998002164136","","","in","","1","3","2","https://x.com/amrilnuryan/status/1907082998002164136","41330129","amrilnuryan"
"1907082886253367309","Tue Apr 01 14:49:26 +0000 2025","0","Jumbo sebagus se-heartwarming selucu dan segemas ituuu!! jadi film lembaran nomor 1 paporitkuu yuk ramaikan #Jumbo di bioskop manteman https://t.co/3921NuZ0Ip","1907082886253367309","https://pbs.twimg.com/media/GndRxiobkAAYqIv.jpg","","in","she/her","0","0","1","https://x.com/snwntx/status/1907082886253367309","156693607","snwntx"
"1907082216414294030","Tue Apr 01 14:46:46 +0000 2025","1","setelah bertahun-tahun menunggu akhirnya bisa nonton film Jumbo! https://t.co/CqTa2Guz7A","1907082216414294030","https://pbs.twimg.com/amplify_video_thumb/1907082130439770112/img/Y_JVCEdT7LQGG5GQ.jpg","","in","TY Track","0","0","1","https://x.com/Ariscady1/status/1907082216414294030","984399696155230209","Ariscady1"
"1907081723546067364","Tue Apr 01 14:44:49 +0000 2025","3","Nonton jumbo baru mulai ni film ade gw udh nyeletuk gendut mirip prabowo . Akhirnya sepanjang film gagal fokus bangke bgt","1907081723546067364","","","in","","0","1","0","https://x.com/Akucelsi/status/1907081723546067364","858122169884090369","Akucelsi"
"1907081235806982387","Tue Apr 01 14:42:53 +0000 2025","0","Tmi dikit tadi sblm nonton berantem dulu sama adek karna telat ke bioskopnya. Akhirnya beli tiket lagi karna yg tiket pertama hangus. Well at least aku gk nyesel beli tiket 2x karna Film Jumbo Juara!! Please banyakin film begini jujur capek bgt ngeliat bioskop horror melulu","1907081238919451035","","kanghal00","in","","0","0","0","https://x.com/kanghal00/status/1907081238919451035","1138845274892169216","kanghal00"
"1907081235806982387","Tue Apr 01 14:42:53 +0000 2025","24","Dalam rangka mendukung kreator animasi keren Indonesia! Kereeenn sekali ini film agak mewek dikit karna lagu yg dinyanyiin Bravo tim kreator Film Jumbo! You guys deserves tepuk tangan sebanyak-banyaknya https://t.co/xFuN8bNnZ8","1907081235806982387","https://pbs.twimg.com/media/GndQRwEbYAAQcPl.jpg","","in","","0","2","6","https://x.com/kanghal00/status/1907081235806982387","1138845274892169216","kanghal00"
"1907080829500903795","Tue Apr 01 14:41:16 +0000 2025","6","Mari nonton film Jumbo selama masih tayang di layar lebar. Dukung animasi Indonesia yang memang ada potensi dan bagus! Menjalani dukacita untuk menjadi pribadi yang lebih kuat.","1907080829500903795","","","in","Jakarta","0","0","3","https://x.com/rudmilano/status/1907080829500903795","618199574","rudmilano"
"1907080824648008074","Tue Apr 01 14:41:15 +0000 2025","4","Ini kado spesial dari Visinema untuk perfilman Indonesia. Animasi dan scriptnya juara! Jujur di beberapa part sempet ngerasa jadi bocil lagi. Film ini ga hanya film untuk anak tapi film untuk kita semua. Kudoss @jumbofilm_id @Adriandhy @Greesel_JKT48 #NontonGree #JUMBO https://t.co/Nn9mHXk6gX","1907080824648008074","https://pbs.twimg.com/media/GndP5jfboAAYk2r.jpg","","in","","1","2","2","https://x.com/kim11___/status/1907080824648008074","1434808325409959942","kim11___"
"1907080208425115729","Tue Apr 01 14:38:48 +0000 2025","9","ayo semua nntn jumbo mumbo wumbo dumbo di bioskop plith kt bang ryan ini film dibuat utk kita utk anak2 kita dan utk anak2 di dlm diri kita #i #love #jumbo ","1907080208425115729","","","in","","0","0","0","https://x.com/cicakpinky/status/1907080208425115729","1277962330081394688","cicakpinky"
"1907080085305434620","Tue Apr 01 14:38:18 +0000 2025","1279","Jumbo adalah film lebaran terbaik dan gua tidak akan mengubah statement ini Solid 10/10 https://t.co/1hSPrgriGY","1907080085305434620","https://pbs.twimg.com/media/GndPOyUakAEae5H.jpg","","in","Utopia","4","5","121","https://x.com/timelinesurfrs/status/1907080085305434620","1281245713557405697","timelinesurfrs"
"1906953782090772573","Tue Apr 01 14:01:03 +0000 2025","57","@HabisNontonFilm Jumbo 9 5/10. 0 5 nya karena distraksi anak-anak kecil termasuk anak sendiri yang joget-joget pas lagu. Distraksi yang wajar dari para anak kecil. indonesia bisa punya film animasi sebagus dan seberkelas iniÔ∏è","1907070709081477400","","HabisNontonFilm","in","√úT: -6.9447056,107.6910498","0","1","3","https://x.com/kukuyuyuk/status/1907070709081477400","115810070","kukuyuyuk"
"1907070416633626867","Tue Apr 01 13:59:53 +0000 2025","0","Mau nonton film jumbo jugaa sampai akhir april ini masih tayang gak yaaa","1907070416633626867","","","in","she/her","0","0","0","https://x.com/kyutamin98/status/1907070416633626867","370113520","kyutamin98"
"1907069654956482620","Tue Apr 01 13:56:52 +0000 2025","4","What a filmmmmm!!! Makasih Bang @Adriandhy dan semua yg terlibat di dalam pembuatan film #Jumbo Singkat saja IMO film bagus adalah film yg tidak menyesal ketika kita keluar dari bioskopnya. https://t.co/zNxC7two8w","1907069654956482620","https://pbs.twimg.com/media/GndFWrTbUAAhyMM.jpg","","in","","0","0","5","https://x.com/Gwdiajakgak/status/1907069654956482620","1799076147042615297","Gwdiajakgak"
"1907069465541611648","Tue Apr 01 13:56:06 +0000 2025","2","Abis ntn film jumbo semakin sadar kl artist animasi di Indo kerennn2 bgt krn emg rill sebagus itu filmnya mangkanya gue kesel bgt itu wapres ngucapin idul fitri pake AI tololll sumpah","1907069465541611648","","","in","","0","1","0","https://x.com/rubyeonka/status/1907069465541611648","1877751071936036864","rubyeonka"
"1907042433038491708","Tue Apr 01 13:55:37 +0000 2025","1","@amandaldine Terima kasih sudah ikut petualangan emosi bersama Film JUMBO yang lainnya ditunggu yaa!","1907069343709475205","","amandaldine","in","","0","0","0","https://x.com/jumbofilm_id/status/1907069343709475205","1678688801454194688","jumbofilm_id"
"1907068673145143305","Tue Apr 01 13:52:57 +0000 2025","0","Abis dari nonton Jumbo keren BANGET. Indonesia butuh bikin film animasi kayak gini sering-sering!!!!","1907068673145143305","","","in","","0","1","0","https://x.com/beygonkombucha/status/1907068673145143305","1033005756851744768","beygonkombucha"
"1907068528190255285","Tue Apr 01 13:52:23 +0000 2025","6","Honest review film jumbo + animasinya bagus bgttt teksturnya gokil. Rambutnya si don cakepp + Ga heran ada dop krn shotnya cakep2. Kek jarang bgt kagum sama shot film animasi + Ostnya beneran kerasa magis. Liriknya bikin merinding (in a good way) + Smw karakter dibikin abu2","1907068528190255285","","","in","She/her","0","1","1","https://x.com/NEOphyte088/status/1907068528190255285","859177727588352000","NEOphyte088"
"1907068249713308140","Tue Apr 01 13:51:17 +0000 2025","0","Mau bgt nonton film Jumbo!! ","1907068249713308140","","","in","Subang, Indonesia","0","0","0","https://x.com/hejosage/status/1907068249713308140","175673461","hejosage"
"1907067341738786940","Tue Apr 01 13:47:40 +0000 2025","1","ambience jumbo kok kaya seru bgt yah mau juga jadi part of film animasi gini soon bgt aamiin","1907067341738786940","","","in","ü©ª","0","1","0","https://x.com/KUDALUMPlNG/status/1907067341738786940","1244607852406140929","KUDALUMPlNG"
"1906988672089554992","Tue Apr 01 13:47:21 +0000 2025","0","@tanyakanrl Iya bener bgt bosenn horor teruss tp btw ada film animasi jumbo itu cocok buat di nonton bareng keluarga maupun kalo mau nonton bareng temen/pacar","1907067261778833729","","tanyakanrl","in","","0","0","0","https://x.com/zidan__aja/status/1907067261778833729","1857265727012806656","zidan__aja"
"1907066945180188882","Tue Apr 01 13:46:05 +0000 2025","7","Merayakan lebaran dengan kemurnian sinema Hari ini saya menonton 2 film ini di bioskop dan semuanya memuaskan. Jumbo menjadi film favorit saya tahun ini dengan drama yang hangat dibalut dengan animasi yang memukau apalagi secara kualitas film ini sudah bisa bersaing dengan https://t.co/SXqog321zd","1907066945180188882","https://pbs.twimg.com/media/GndDRR8aQAA-Cav.jpg","","in","Coruscant","0","1","4","https://x.com/afnanboma10/status/1907066945180188882","1089559880208285697","afnanboma10"
"1907059301442859261","Tue Apr 01 13:45:07 +0000 2025","26","@jackjackparrr @VisinemaID Terima kasih sudah meramaikan Film JUMBO di bioskop yaa kak! Yuk yang lain ditunggu ya~","1907066701495292151","","jackjackparrr","in","","0","1","1","https://x.com/jumbofilm_id/status/1907066701495292151","1678688801454194688","jumbofilm_id"
"1907066519680594160","Tue Apr 01 13:44:24 +0000 2025","2","Jadi mau nonton film jumbo dehh","1907066519680594160","","","in","Jakarta, Indonesia","0","1","0","https://x.com/femalejournaal/status/1907066519680594160","340116235","femalejournaal"
"1907065694614966477","Tue Apr 01 13:41:07 +0000 2025","3","film jumbo nih bagus banget dah aslii","1907065694614966477","","","in","","0","0","4","https://x.com/whysomohan/status/1907065694614966477","1264721695937400833","whysomohan"
"1907064075881947509","Tue Apr 01 13:40:29 +0000 2025","0","@fromeleveu @Adriandhy @VisinemaID seru banget JUMBO jadi film pertama untuk beberapa bocils di tahun ini ","1907065533415207412","","fromeleveu","in","","0","1","0","https://x.com/jumbofilm_id/status/1907065533415207412","1678688801454194688","jumbofilm_id"
"1906704928875131303","Tue Apr 01 13:40:09 +0000 2025","143","@f1labas @WatchmenID Kalau lu pernah dibully lu bakal tau alasan Jumbo itu selfish. Dia begitu supaya dia diakui nggak dipinggirkan begitu aja. Di film ini semua karakter yang terlibat punya urgensi kenapa mereka bisa begini bisa begitu. Ada alasannya semua.","1907065451022274799","","f1labas","in","","0","0","4","https://x.com/BIKINREEFOOD/status/1907065451022274799","1667703223757701120","BIKINREEFOOD"
"1907063427073540531","Tue Apr 01 13:38:08 +0000 2025","0","Penantian panjang itu terbayar hari ini. Jumbo akhirnya tayang. Film animasi yang indah amat indah. Seluruh elemen di film ini menyenangkan. Musik cerita dialog lirik lagu everything just beautiful Ô∏è","1907064943159181324","","meyyshaan","in","Banyuwangi, Indonesia","0","1","0","https://x.com/meyyshaan/status/1907064943159181324","531907727","meyyshaan"
"1906704928875131303","Tue Apr 01 13:36:54 +0000 2025","6","@DinastiPerangi @personal_thinks @WatchmenID @grok Justru Disney Pixar Warner Bros nggak ada apa-apanya film animasinya sama Jumbo ini. Apalagi film animasi mereka akhir-akhir ini AMPAS. Dan justru mereka yang suka bawa agenda macam-macam. Jumbo bersih murni pengalaman pribadi yang diangkat.","1907064632864645621","","DinastiPerangi","in","","0","0","1","https://x.com/BIKINREEFOOD/status/1907064632864645621","1667703223757701120","BIKINREEFOOD"
"1907064095028982239","Tue Apr 01 13:34:46 +0000 2025","0","Ini Ryan yg di Malam Minggu Miko ya? Ternyata doi yg bikin film animasi Jumbo","1907064095028982239","","","in","","0","0","0","https://x.com/DrHeylo/status/1907064095028982239","1435348829868417024","DrHeylo"
"1907064075881947509","Tue Apr 01 13:34:41 +0000 2025","9","Hari ini adikku perdana nonton di bioskop and I made 'Jumbo' as his first film! @Adriandhy @VisinemaID Grafiknya bagus suaranya (scoring) mantep. 9 5 lah dari 10. Gokil juga komentar bocil 12 tahun ini https://t.co/RVJrJ5sP6B","1907064075881947509","https://pbs.twimg.com/media/GndAqh_asAAQnCf.jpg","","in","01z","0","2","2","https://x.com/fromeleveu/status/1907064075881947509","1574785965918277632","fromeleveu"
"1907051083870191846","Tue Apr 01 12:43:04 +0000 2025","8","Aku siap jadi buzzer tanpa bayaran buat film jumbo hahahhahaa maaf kalo di tl kalian banyak retweet ttg film jumbo yaaa","1907051083870191846","","","in","","0","0","2","https://x.com/galsforlyfe/status/1907051083870191846","1709214062574465024","galsforlyfe"
"1907050309114859686","Tue Apr 01 12:39:59 +0000 2025","0","LOKET *Edisi Khusus Lebaran* Selasa 1 April 2025 5 Film Indonesia Terbaru - animasi #Jumbo - drama #Komang - tragedi #Norma - horor #PabrikGula - laga #Qodrat2 Itu urutan alfabetnya utk urutan terlakunya simak sekarang juga! https://t.co/o51fRC6xWg","1907050309114859686","","","in","Jakarta","0","0","0","https://x.com/yan_widjaya/status/1907050309114859686","1575338724","yan_widjaya"
"1907046559016993222","Tue Apr 01 12:39:46 +0000 2025","0","@KediriFess jumbo itu film apa nder? tentang lele jumbo kah?","1907050253796196649","","KediriFess","in","Kediri, Indonesia","0","1","0","https://x.com/miniongerobak_/status/1907050253796196649","1057169432810668032","miniongerobak_"
"1907050222796283953","Tue Apr 01 12:39:39 +0000 2025","7","1 Mamang 6 Ponakan nonton film Jumbo. 1 ponakan yg masih kecil jingkrak rame sendiri pas nonton ini. Seru katanya. Intinya film ini seru. Reviewnya menyusul. @jumbofilm_id @Adriandhy @VisinemaID https://t.co/h4AIJzxSwV","1907050222796283953","https://pbs.twimg.com/media/Gnc0AssbUAAKSit.jpg","","in","Yogyakarta, Indonesia","0","2","3","https://x.com/bangghulam/status/1907050222796283953","78827943","bangghulam"
"1907049466609410153","Tue Apr 01 12:36:38 +0000 2025","4","KEREEN BANGEEETT.. SUKA SAMA ANIMASI NYA DAN KARAKTERNYA sempet sebel sama don yang egoisss banget :( tapi akhirnya happy ending juga. semoga film Jumbo ini bisa jadi pelopor film animasi indonesia yang bisa bersanding sama film animasi luar negeri. terimakasih @Adriandhy https://t.co/j64OMxkF95","1907049466609410153","https://pbs.twimg.com/media/GnczYPFawAE54cP.jpg","","in","nomaden ","0","1","2","https://x.com/changbindut/status/1907049466609410153","1437239776067796993","changbindut"
"1907049204683612329","Tue Apr 01 12:35:36 +0000 2025","2","Alhamdulillah konon yang menduduki klasemen film lebaran Jumbo sama Komang. Yuk geser yuk selera film kita jangan horor mulu","1907049204683612329","","","in","","0","0","1","https://x.com/vindddaaaa/status/1907049204683612329","1568458024507047937","vindddaaaa"
"1907048138999025716","Tue Apr 01 12:31:22 +0000 2025","0","ih gue pgn nnton film jumbo tp gaada temennya anjayy","1907048138999025716","","","in","membosankan","0","0","0","https://x.com/rvocozh/status/1907048138999025716","1216355812416712705","rvocozh"
"1907048025219903840","Tue Apr 01 12:30:55 +0000 2025","0","Nonton Film Sub Indo Gratis HD 4K tanpa iklan tanpa lag Mohon Minal Eid Mubarak April Mop April Fools #TEN_STUNNER_1stWIN Idul Fitri Jumbo Lebaran MARK 2013 SEOUL TEASER SEOKJIN HYUNGSIK STORY https://t.co/AcJX6kryEX","1907048025219903840","","","in","","0","0","0","https://x.com/CorrieHsu93511/status/1907048025219903840","1893638435271016448","CorrieHsu93511"
"1907047866847396112","Tue Apr 01 12:30:17 +0000 2025","0","TOLONG INGETIN SAYA BESOK MAU NONTON FILM JUMBO","1907047866847396112","","","in","Kotabumi, Indonesia","0","0","0","https://x.com/idhanhadjar/status/1907047866847396112","1668417889203015680","idhanhadjar"
"1907047702443315580","Tue Apr 01 12:29:38 +0000 2025","12","Jumboo cakepppp bangett film nya Setelah penantian panjang yang tiap bulan pasti ditanya kak jumbo nya kapan tayang? sama adekku akhirnya terbayarkan. Kita bener-bener amaze sama film nya. Adekku yang masi SD juga bilang pengen nonton lagii. Keren banget mas @Adriandhy https://t.co/X9xh9Cc2iA","1907047702443315580","https://pbs.twimg.com/media/Gncxv8sawAAC0Cm.jpg","","in","","0","1","4","https://x.com/alphasamabeta/status/1907047702443315580","1209779971549360128","alphasamabeta"
"1907010067586757112","Tue Apr 01 12:29:08 +0000 2025","27","@Adriandhy Kemarin nntn film jumbo bagusss pollll bangg. Sampe amaze karnaa baguss bgt sepanjang film dibikin ketawa terharu sedihhh bahkan sampe nangiss Yukkk yg lebaran bingung mau kemnaa nntn jumbo ajaa 10000/100","1907047578996482121","","Adriandhy","in","mars","0","0","5","https://x.com/zeeesyf/status/1907047578996482121","2757617323","zeeesyf"
"1907046559016993222","Tue Apr 01 12:25:05 +0000 2025","8","Cah enek seng gelem nonton bareng film Jumbo gak sesok??? Sender pingin golek konco soale gak terbiasa nonton dewean ","1907046559016993222","","","in","Kediri, Jawa Timur","1","10","0","https://x.com/KediriFess/status/1907046559016993222","1217996995370967040","KediriFess"
"1907044990225903913","Tue Apr 01 12:18:51 +0000 2025","16","NONTON FILM JUMBO JADI MAKIN HEMAT! Beli tiket Film #JUMBO dan bayar pakai QRIS di myBCA sekarang langsung dapet cashback 50%! #JumboUntukSemua https://t.co/lHUqSWP3hM","1907044990225903913","https://pbs.twimg.com/media/GncvTm5aYAAvjUJ.jpg","","in","","0","0","4","https://x.com/jumbofilm_id/status/1907044990225903913","1678688801454194688","jumbofilm_id"
"1907044824408297770","Tue Apr 01 12:18:11 +0000 2025","7","Jadi buzzer promo film jumbo dulu Makasih bang udah buat film animasi sekeren ini @Adriandhy rekomendasi banget buat keluarga film ini @jumbofilm_id https://t.co/5JWn8TeBV4","1907044824408297770","https://pbs.twimg.com/media/GncvJ7CasAAgG57.jpg","","in","","1","1","4","https://x.com/Dhinsxs/status/1907044824408297770","1759204958598234112","Dhinsxs"
"1907008265315082719","Tue Apr 01 12:14:47 +0000 2025","0","@BaseBDG Panasaran hayang lalajo film jumbo siii daripada pabrik garmen mah","1907043965045780882","","BaseBDG","in","","0","0","0","https://x.com/chandrabcdef/status/1907043965045780882","1804120866785316864","chandrabcdef"
"1907043813178388946","Tue Apr 01 12:14:10 +0000 2025","1","Pengen nntn film jumbo dehhh","1907043813178388946","","","in","","0","0","0","https://x.com/howdyraaa/status/1907043813178388946","1285742836965494785","howdyraaa"
"1907033104185020630","Tue Apr 01 11:31:37 +0000 2025","12","3 kata untuk menggambarkan film ini yaitu magic heartwarming fantastic Rating film ini 100000/10 Angkat topi untuk @Adriandhy dan @VisinemaID atas film ini. Sambut lebaran dengan film Jumbo .","1907033104185020630","","","in","borderland ","0","0","2","https://x.com/bukanmbakkunti/status/1907033104185020630","3252389485","bukanmbakkunti"
"1906704928875131303","Tue Apr 01 11:29:33 +0000 2025","0","@DevalinoP @imadeee87 @WatchmenID film jumbo mengandung hantu kak?","1907032583302722020","","DevalinoP","in","","0","0","0","https://x.com/baksoacigarut/status/1907032583302722020","1798947798227804160","baksoacigarut"
"1907032503530946876","Tue Apr 01 11:29:14 +0000 2025","2","Alhamdulillah hari ini aku udah nonton film berjudul Jumbo di Cinepolis Malang ketika siang. Menurutku alur ceritanya cukup bagus ada adegan dan percakapan yang mengandung pesan moral sehingga cocok ditonton oleh anak-anak artstyle-nya memanjakan mata. https://t.co/9u2PchxZ7n","1907032503530946876","https://pbs.twimg.com/media/Gncj9BsbQAAezEv.jpg","","in","borderland ","1","1","2","https://x.com/bukanmbakkunti/status/1907032503530946876","3252389485","bukanmbakkunti"
"1907031789429752123","Tue Apr 01 11:26:24 +0000 2025","0","itu film jumbo gapake ai kyk gibran kn","1907031789429752123","","","in","Indonesia","0","0","0","https://x.com/pejuangenam9/status/1907031789429752123","1238085571525763075","pejuangenam9"
"1906730372731117571","Tue Apr 01 11:23:36 +0000 2025","13","@bicaraboxoffice Abis nonton Jumbo dengan segala khualitasnya harusnya film ini bisa box office bagis euy.","1907031084618960945","","bicaraboxoffice","in","Indonesia Open","0","0","0","https://x.com/utamaiqbal/status/1907031084618960945","41083451","utamaiqbal"
"1906869058185871748","Tue Apr 01 11:20:38 +0000 2025","0","@ibilletdoux Kamu udah nonton apa ajaaa??? Tadi aku dapat rekomen jumbo! Film animasi Indooo","1907030341036187828","","albearsainz","in","Indonesia","0","1","0","https://x.com/berrysmilk/status/1907030341036187828","794103463395225600","berrysmilk"
"1907024447552295245","Tue Apr 01 11:20:15 +0000 2025","0","@siapaajaboleh44 film jumbo bang kayanya seru lucu imut kaya kakaknya (eh) ","1907030244608880784","","siapaajaboleh44","in","localhost:76118","0","1","0","https://x.com/itsfahmiegerton/status/1907030244608880784","1968921062","itsfahmiegerton"
"1907030142977024469","Tue Apr 01 11:19:51 +0000 2025","9","Kalo mau tau perkembangan film animasi Indonesia udah sampe mana tonton JUMBO!! Animasi visual cerita eksekusi bagus semua. Terutama animasinya sangat level up Dan ini bukan film yg seru buat anak aja tapi semua orang akan enjoy. Ok gas! https://t.co/gMzQoPeTII","1907030142977024469","https://pbs.twimg.com/media/GnchzSIa4AAVB3a.jpg","","in","within the frames","0","0","4","https://x.com/adapadenganfilm/status/1907030142977024469","1463393847782764546","adapadenganfilm"
"1907029858657657196","Tue Apr 01 11:18:43 +0000 2025","0","harus banget nonton film JUMBO bagus bangettt","1907029858657657196","","","in","Bandar lampung","0","0","0","https://x.com/SarahTuqa/status/1907029858657657196","341288159","SarahTuqa"
"1906615727315947626","Tue Apr 01 11:15:54 +0000 2025","1","@orcaniusorca @tanyakanrl Sama sekali engga. Aku bahkan hampir ga ngomong sama temenku kak padahal biasanya kalo aku nonton film pasti banyak ngomong buat ngeritik film nya. Nonton film jumbo berasa nonton film disney","1907029147152777517","","orcaniusorca","in","di mana mana hatiku senang","0","1","0","https://x.com/brilliant_lian/status/1907029147152777517","1519315387568910336","brilliant_lian"
"1907029130769789433","Tue Apr 01 11:15:50 +0000 2025","2","2 film lebaran sejauh ini menyenangkan: - jumbo - qodrat 2 ","1907029130769789433","","","in","","0","0","2","https://x.com/agungwpg/status/1907029130769789433","215967876","agungwpg"
"1906987010201460978","Tue Apr 01 11:15:02 +0000 2025","73","@bicaraboxoffice Ayo pada nonton jumbo Biar makin banyak film animasi berkualitas lainnya dan produser ga kapok bikin film animasi","1907028929678131690","","bicaraboxoffice","in","Purwokerto, Indonesia","0","0","5","https://x.com/MuSaatIni/status/1907028929678131690","1142455856375578624","MuSaatIni"
"1907028325467627661","Tue Apr 01 11:12:38 +0000 2025","11","Jumbo (2025) bagus banget. Kok bisa lagi seneng-senengnya nikmatin animasi yang bagus banget itu tiba-tiba dibikin nangis. One take-nya juara! Referensi-referensinya lu banget bang @Adriandhy! Terima kasih sudah membuat film animasi sebagus ini. ","1907028325467627661","","","in","Jakarta","0","1","4","https://x.com/jennisgosal/status/1907028325467627661","109280320","jennisgosal"
"1907024239091204380","Tue Apr 01 11:11:20 +0000 2025","0","@sanjinisme mirip atta film jumbo","1907027997288534081","","sanjinisme","in","","0","1","0","https://x.com/kinahalu/status/1907027997288534081","1759531924786491392","kinahalu"
"1907027051489427601","Tue Apr 01 11:07:34 +0000 2025","16","Ya Allah... Semoga JUMBO laris manis biar balik modalnya dan untung banyak...jadi bisa bikin film lagi... Aamiin... Ini kalo ga pas hari pertama lebaran mungkin lebih banyak yang nonton ya... ","1907027051489427601","","","in","","0","0","8","https://x.com/indahmail84/status/1907027051489427601","1282246669644394497","indahmail84"
"1907026442954653812","Tue Apr 01 11:05:09 +0000 2025","3","Kalian ada yang tertarik nonton film Jumbo gak? Aku pengen nonton bareng -rek","1907026442954653812","","","in","Kota Surabaya, Jawa Timur","0","7","0","https://x.com/sbyfess/status/1907026442954653812","1152437175587241985","sbyfess"
"1907018557554307464","Tue Apr 01 11:04:59 +0000 2025","1","@junaediahmad @Adriandhy Seru banget ramean nonton! Terima kasih yaaa salam buat semuanyaaa ","1907026400026255850","","junaediahmad","in","","0","0","0","https://x.com/VisinemaID/status/1907026400026255850","2352930834","VisinemaID"
"1907020535730446688","Tue Apr 01 11:03:27 +0000 2025","3","@CenayangFilm Udah minvis siapin nih playlistnya ‚¨áÔ∏è https://t.co/UtCDZbBlYi","1907026015765045536","","CenayangFilm","in","","0","1","0","https://x.com/VisinemaID/status/1907026015765045536","2352930834","VisinemaID"
"1906704928875131303","Tue Apr 01 11:02:52 +0000 2025","0","@BOBCOLE_11 @WatchmenID Ya *Jumbo* (2025) direkomendasikan! Film animasi Indonesia ini punya rating 8.5/10 di IMDb tema keluarga dan persahabatan yang cocok untuk semua umur dan rilis global di 17 negara. Layak ditonton!","1907025869618417781","","BOBCOLE_11","in","wherever you are","0","0","0","https://x.com/grok/status/1907025869618417781","1720665183188922368","grok"
"1906959302709154246","Tue Apr 01 11:00:34 +0000 2025","7","@CharlesGozali @Tama_tsuyaa @cinepoint_ Tadi ada yang ngide bikin singkatan QODRAT + JUMBO jadi QOMBO macam Barbenheimer ","1907025287797510378","","CharlesGozali","in","","1","2","0","https://x.com/Adriandhy/status/1907025287797510378","68122088","Adriandhy"
"1907010067586757112","Tue Apr 01 10:59:38 +0000 2025","6","@Adriandhy Bagus banget kak sumpah anak kecil di sebelah pada happy pas nonton ini berdua org dewasa pada nangis nontonnya. Terimakasih sudah buat film jumbo ya kak. Bangga animasi indonesia bisa di level ini Ô∏è","1907025056628105682","","Adriandhy","in","Indonesia","0","0","2","https://x.com/ahafana11/status/1907025056628105682","1706977308","ahafana11"
"1907022977801339000","Tue Apr 01 10:58:10 +0000 2025","3","#1 Film Jumbo dibikin part2 gtu bikin ceritanya gampang dikunyah sekalipun buat anak2. #2 setting cerita di tahun 90 (atau late 80an) bikin kita nih bapak2 nanggung jd berasa nostalgia dari permainan yg dimainin Jumbo sama markas2an punya mereka jg bikin nostalgia bgt","1907024685629669745","","andriyand__","in","Legok, Tangerang-Indonesia","1","1","0","https://x.com/andriyand__/status/1907024685629669745","22885047","andriyand__"
"1907024416640582023","Tue Apr 01 10:57:06 +0000 2025","6","Empat film lebaran ini semuanya bagus. Pun dengan soundtracknya memorable. Kumpul Bocah by MALIQ &amp; D Essentials - ost Jumbo Komang by Raim Laode - ost Komang Menyala Matahariku by Pay &amp; Irang Arkad - ost Qodrat 2 https://t.co/g2rU5Y2OPW","1907024416640582023","https://pbs.twimg.com/media/GnccjbJawAA0Zjk.jpg","","in","Indonesia ","1","0","2","https://x.com/alstoniasp/status/1907024416640582023","1639918559873863686","alstoniasp"
"1907023869501972655","Tue Apr 01 10:54:55 +0000 2025","2","#Jumbo ini ibarat film keluarga yang heartwarming sekali. Kita bisa dibuat ketawa dan sedih. Suka ceritanya nggak terlalu berat juga buat anak-anak. I love it!","1907023869501972655","","","in","√úT: -6.992374,110.478033","0","1","2","https://x.com/diaksaadhistra/status/1907023869501972655","50269126","diaksaadhistra"
"1907023622402879960","Tue Apr 01 10:54:53 +0000 2025","0","GA NYANGKA DIA UDAH BANGKOTAN GT MAU2 AJA NONTONNYA. Btw film Jumbo seruuwww guys ayo nonton!!!","1907023860039295230","","kentangmledug","in","","1","0","0","https://x.com/kentangmledug/status/1907023860039295230","1229673022790889473","kentangmledug"
"1907023683224289461","Tue Apr 01 10:54:11 +0000 2025","70","Ini beneran dua hari berturut nontonnya? ","1907023683224289461","","","in","","0","3","0","https://x.com/Adriandhy/status/1907023683224289461","68122088","Adriandhy"
"1907022977801339000","Tue Apr 01 10:51:23 +0000 2025","21","Ok review #FilmJUMBO dari orang awam : soal grafis dan animasi ga usah dibahas lg lah ya sejauh ini Jumbo adalah film animasi Indonesia yang paling bagus. Tp gimana dgn ceritanya? A thread https://t.co/fGaefdzJ08","1907022977801339000","https://pbs.twimg.com/media/GncbSf1aUAAJyph.jpg","","in","Legok, Tangerang-Indonesia","0","1","3","https://x.com/andriyand__/status/1907022977801339000","22885047","andriyand__"
"1907022842367197620","Tue Apr 01 10:50:51 +0000 2025","3390","Bandung Bekasi Indramayu.. (Cakepp) I LOVE YOU! . #FilmJUMBO https://t.co/TxrlCb0EIG","1907022842367197620","https://pbs.twimg.com/media/GncbKZ_a8AA8813.jpg","","in","","36","18","248","https://x.com/Adriandhy/status/1907022842367197620","68122088","Adriandhy"
"1907022073974976655","Tue Apr 01 10:47:47 +0000 2025","4","WATCHED JUMBO TODAY YAYYY!! Nangis bgt huhuu mau berterima kasih sama semua yang udah ikut serta dalam pembuatan film ini this film is so well made mau nangiss #FilmJUMBO https://t.co/O41agBJ3ep","1907022073974976655","https://pbs.twimg.com/media/GncaeCzawAAPxX1.jpg","","in","language stud (üè≥Ô∏è‚Äç‚ößÔ∏è)","0","1","3","https://x.com/limingies/status/1907022073974976655","1613111477124354048","limingies"
"1907021736765497600","Tue Apr 01 10:47:40 +0000 2025","3","@balqiskn_ Wkwkwkwkw maafkan ya mumpung lebaran. ","1907022043729559944","","balqiskn_","in","","0","1","0","https://x.com/Adriandhy/status/1907022043729559944","68122088","Adriandhy"
"1907019708349718627","Tue Apr 01 10:45:23 +0000 2025","0","@cinemuach Wkwkwkwkwkw ada lagi tapi gamau kukasi tau MinJum @jumbofilm_id ","1907021467365281820","","cinemuach","in","","0","1","0","https://x.com/Adriandhy/status/1907021467365281820","68122088","Adriandhy"
"1907010067586757112","Tue Apr 01 10:42:38 +0000 2025","1","@ninoriano Makasih No!","1907020776882245839","","ninoriano","in","","0","0","0","https://x.com/Adriandhy/status/1907020776882245839","68122088","Adriandhy"
"1907020724357013599","Tue Apr 01 10:42:26 +0000 2025","0","mau nonton film jumbo","1907020724357013599","","","in","harry's house","0","0","0","https://x.com/tikeuuu/status/1907020724357013599","1298536510854017024","tikeuuu"
"1907020657785004382","Tue Apr 01 10:42:10 +0000 2025","5"," Poster film Jumbo bioskop Rajawali Purwokerto anjay jatohnya adu mekanik ","1907020657785004382","","","in","United States","0","0","2","https://x.com/tanganjojo/status/1907020657785004382","460806698","tanganjojo"
"1907020574477660567","Tue Apr 01 10:41:50 +0000 2025","0","Pengen nonton film jumbo","1907020574477660567","","","in","Indonesia ","0","0","0","https://x.com/bangkrisss_/status/1907020574477660567","1838550333041315842","bangkrisss_"
"1907020535730446688","Tue Apr 01 10:41:41 +0000 2025","48","Siapa yang beres nonton Jumbo langsung meluncur ke spotify buat dengerin lagu-lagunya lagiiiiii? https://t.co/BfIjhhwxaC","1907020535730446688","https://pbs.twimg.com/tweet_video_thumb/GncZELybkAA1JjQ.jpg","","in","mbahcenayang@gmail.com ","0","3","24","https://x.com/CenayangFilm/status/1907020535730446688","1297733148","CenayangFilm"
"1907020300082176141","Tue Apr 01 10:40:44 +0000 2025","12","Dua hari berturut-turut?? Ô∏èÔ∏è THANK YOU!!","1907020300082176141","","","in","","0","0","0","https://x.com/Adriandhy/status/1907020300082176141","68122088","Adriandhy"
"1907019915879764057","Tue Apr 01 10:39:13 +0000 2025","1","aaaaaa pingin bgt nonton film JUMBO. pingin segera pulang ke rumahhhhh","1907019915879764057","","","in","Gnab","0","0","0","https://x.com/galacticalsmile/status/1907019915879764057","907201608731156480","galacticalsmile"
"1907019571896422679","Tue Apr 01 10:37:51 +0000 2025","131","Akhirnya! Dari 60k penonton hari pertama cuma @Dyaohoy yang ngeh kalau itu adalah karena saya waktu kecil nyangkut banget sama iklan Ancol. ","1907019571896422679","","","in","","2","3","9","https://x.com/Adriandhy/status/1907019571896422679","68122088","Adriandhy"
"1907018752555942330","Tue Apr 01 10:36:38 +0000 2025","0","film nya bagus bgt cuman jumbo nya ngeselin naudzubillah","1907019268405031073","","wiraokta133","in","Bandung, Indonesia","0","0","0","https://x.com/wiraokta133/status/1907019268405031073","3157552765","wiraokta133"
"1907019060728258743","Tue Apr 01 10:35:49 +0000 2025","0","memanggil semua warga nomor 16 untuk nobar film jumbo","1907019060728258743","","","in","","0","1","0","https://x.com/kaktuskiyoot/status/1907019060728258743","1725526862355636224","kaktuskiyoot"
"1907010067586757112","Tue Apr 01 10:34:53 +0000 2025","24","@Adriandhy semoga hari ke 2 makin ngegas yah kak tadi nonton ama kekuarga kecil di XX1 Palu standing ovation buat tim Film Jumbo https://t.co/ngBCneQuJT","1907018824471503153","https://pbs.twimg.com/media/GncXgoTaEAA_en4.jpg","Adriandhy","in","","0","1","3","https://x.com/achapalu/status/1907018824471503153","74670681","achapalu"
"1907018557554307464","Tue Apr 01 10:33:49 +0000 2025","52","Mas @Adriandhy terima kasih sdh membuat film animasi Jumbo. Setelah saya kemarin nonton akhirnya hari ini coba ajak adik &amp; keponakan saya. Awalnya cuma 4 orang trus pas Lebaran di rumah uwak pada mau ikut nonton juga. Jadilah ber-12 menyaksikan si gemas Jumbo. Sukses mas! https://t.co/E5Ugkl3gt0","1907018557554307464","https://pbs.twimg.com/media/GncXRRCbkAAHB10.jpg","","in","Koto-ku, Tokyo","2","2","7","https://x.com/junaediahmad/status/1907018557554307464","73600373","junaediahmad"
"1891106065908892112","Tue Apr 01 10:32:10 +0000 2025","2","@gusbagussss @bicaraboxoffice SETUJU BGT berharap bgt kali ini film seberkualitas Jumbo bs bertahan lama ","1907018144453132410","","gusbagussss","in","Jakarta Capital Region, Indone","0","0","1","https://x.com/Vy911/status/1907018144453132410","1858903290","Vy911"
"1907017337318109271","Tue Apr 01 10:28:58 +0000 2025","173","GODDAMMIT @Adriandhy JUMBO KEREN BANGET!!! Alur cerita yg roller coaster visual kece voice actornya ga kaleng2. Masa depan film animasi di Indonesia cukup cerah setelah nonton film ini https://t.co/zzNmiW6LdL","1907017337318109271","https://pbs.twimg.com/media/GncWJx8agAAHKmb.jpg","","in","Olympus","1","1","24","https://x.com/Arya_rumanga/status/1907017337318109271","77659694","Arya_rumanga"
"1907017255852097662","Tue Apr 01 10:28:39 +0000 2025","0","FILM JUMBO SERUUUWWW","1907017255852097662","","","in","Shaletta Briella Lucienne.","0","0","0","https://x.com/shalettazip/status/1907017255852097662","912246961985667073","shalettazip"
"1907017090139402699","Tue Apr 01 10:27:59 +0000 2025","246","Don &amp; Geng Jumbo dapet 60rb++ penonton di hari pertama https://t.co/Hi6zav8rMS","1907017090139402699","https://pbs.twimg.com/amplify_video_thumb/1907005911799144449/img/qo-RzXGnDM1aQAcZ.jpg","","in","mbahcenayang@gmail.com ","5","6","50","https://x.com/CenayangFilm/status/1907017090139402699","1297733148","CenayangFilm"
"1907015681541066937","Tue Apr 01 10:27:40 +0000 2025","19","@WatchmenID Makasih minnn udah support film animasi Indonesia! ","1907017011214926151","","WatchmenID","in","","0","1","0","https://x.com/VisinemaID/status/1907017011214926151","2352930834","VisinemaID"
"1907016961365868829","Tue Apr 01 10:27:28 +0000 2025","1","Abis nonton film Jumbo ternyata genre horor ya wkwkwkwk Tapi bagus ","1907016961365868829","","","in","","0","0","0","https://x.com/jianluwes/status/1907016961365868829","77928585","jianluwes"
"1907014950436114694","Tue Apr 01 10:27:06 +0000 2025","0","dan angkat topi untuk bang @Adriandhy 5 tahun terbayar dengan kualitas film seperti ini. semoga film jumbo bisa rame penonton dan sebagai pintu gerbang kejayaan film animasi indonesia.","1907016865819554144","","sego_peceel","in","","0","0","0","https://x.com/sego_peceel/status/1907016865819554144","1518882365338128384","sego_peceel"
"1907010067586757112","Tue Apr 01 10:25:29 +0000 2025","52","@ehdanar Kayaknya terlalu kecil kasihan telinganya nanti..","1907016460108480824","","ehdanar","in","","0","3","1","https://x.com/Adriandhy/status/1907016460108480824","68122088","Adriandhy"
"1906987022361014629","Tue Apr 01 10:22:05 +0000 2025","971","@WatchmenID Diluar dugaan sumpah Norma lebih dikit daripada Komang dan Jumbo. Ya elah gw kira masyarakat Konoha masih demen sama cerita selingkuhan. Tolong pertahankan sampai semua film turun layar wkwkwk ","1907015604235899181","","WatchmenID","in","United Kingdom","0","3","17","https://x.com/adrienjones__/status/1907015604235899181","789097698506878976","adrienjones__"
"1907015355475616160","Tue Apr 01 10:21:06 +0000 2025","11","INDRAMAYU BEKASI BANDUNG SOLD OUT Hanupissss teman-teman! https://t.co/BCodfQSlDX","1907015355475616160","https://pbs.twimg.com/media/GncUWukboAANGWY.jpg","","in","","0","0","1","https://x.com/VisinemaID/status/1907015355475616160","2352930834","VisinemaID"
"1907015342913949920","Tue Apr 01 10:21:03 +0000 2025","0","Pengen ngajak adek nonton film Jumbo tapi dia malah sakit ","1907015342913949920","","","in","jog & moaville","0","0","0","https://x.com/analgesickk/status/1907015342913949920","1791432666463735809","analgesickk"
"1907015227507388534","Tue Apr 01 10:20:35 +0000 2025","0","gw baru ngeh kalo di lebaran ini film yang rilis barengan ada lima judul ternyata kirain cuma Jumbo sama Pabrik Gula ","1907015227507388534","","","in","Indonesia","0","0","0","https://x.com/xoxowantja/status/1907015227507388534","1344265593331929088","xoxowantja"
"1907014804537291028","Tue Apr 01 10:20:10 +0000 2025","0","@aseroruu Yuk Lumajang ramaikannn","1907015123530567942","","aseroruu","in","","0","0","0","https://x.com/VisinemaID/status/1907015123530567942","2352930834","VisinemaID"
"1907013898286543227","Tue Apr 01 10:19:03 +0000 2025","1","@Fjar_HAM terima kasih mass ","1907014843023929679","","Fjar_HAM","in","","0","0","0","https://x.com/VisinemaID/status/1907014843023929679","2352930834","VisinemaID"
"1906988672089554992","Tue Apr 01 10:19:02 +0000 2025","0","@tanyakanrl Ada Jumbo mungkin blm masuk di bioskop kota sender tp td ada update jumlah layarnya nambah semoga masuk ke kota kamu yaa. Yuk dukung film Indonesiaaa","1907014835281465819","","tanyakanrl","in","","0","0","0","https://x.com/seaweedthecat/status/1907014835281465819","1857386384757301248","seaweedthecat"
